P_ID,Step,train_acc_task,train_acc_person,test_acc_task,testing_AE,testing_t,training_cost_total,training_cost_AE,training_cost_t,training_cost_p
0,5,0.7447692,0.14969231,0.848,0.25947636,4.5293,11.439783,0.25020167,5.27204,2.471347
0,10,0.78307694,0.16846153,0.834,0.22473396,4.564544,10.793173,0.21623689,4.9529853,2.3910553
0,15,0.80161536,0.22561538,0.805,0.19741501,4.848448,10.154041,0.18944381,4.6013684,2.338217
0,20,0.80938464,0.26823077,0.803,0.17503637,4.8154297,9.700928,0.16731355,4.426293,2.2767425
0,25,0.8154615,0.32184616,0.8,0.15597425,4.8723373,9.364219,0.14863698,4.352898,2.2085898
0,30,0.82292306,0.37492308,0.788,0.13992938,4.8829703,8.859187,0.13284074,4.0847073,2.146315
0,35,0.82984614,0.4126923,0.806,0.12634605,4.698867,8.457007,0.11944613,3.909882,2.0739255
0,40,0.8326923,0.44553846,0.796,0.11478375,4.7906394,8.213978,0.10813583,3.8751493,2.0023577
0,45,0.84238464,0.466,0.793,0.10493261,4.753154,7.8311763,0.09842112,3.6629128,1.9502603
0,50,0.84953845,0.4866154,0.796,0.09655765,4.7193584,7.618323,0.09010079,3.607996,1.8955672
0,55,0.8548462,0.50153846,0.798,0.08932507,4.679766,7.320629,0.08294811,3.4401488,1.8550482
0,60,0.86346155,0.51815385,0.795,0.08306065,4.770783,6.9331694,0.07669029,3.1807418,1.8039727
0,65,0.8696154,0.52476925,0.795,0.077747345,4.833972,6.8060446,0.07137617,3.158691,1.7666174
0,70,0.8746154,0.54,0.803,0.073110744,4.7036123,6.5191026,0.06678684,2.9668927,1.7312504
0,75,0.8786923,0.549,0.792,0.06919938,4.7310705,6.4216347,0.06277244,2.938155,1.7137672
0,80,0.8835385,0.5526154,0.803,0.065787025,4.865329,6.295387,0.059346497,2.8911996,1.6798439
0,85,0.88676924,0.55776924,0.792,0.06282913,4.826347,6.1221766,0.056455784,2.785494,1.6525588
0,90,0.8894615,0.5709231,0.795,0.0603791,4.9597363,5.8584337,0.053839333,2.582181,1.6272908
0,95,0.89176923,0.58,0.792,0.058201738,5.0695877,5.6834044,0.051635724,2.4703045,1.5952822
0,100,0.89476925,0.5823846,0.798,0.056351468,5.105234,5.614269,0.04973544,2.4478998,1.5761621
0,105,0.8986923,0.58946157,0.808,0.05466025,4.8181396,5.513224,0.04807429,2.39703,1.5507643
0,110,0.9033077,0.6022308,0.808,0.053264335,5.21968,5.4740033,0.046640124,2.3989587,1.531507
0,115,0.90384614,0.6067692,0.798,0.052077487,5.532062,5.235481,0.045337565,2.2171524,1.4937015
0,120,0.90623075,0.6139231,0.804,0.051025283,5.3506985,5.1309977,0.044351857,2.1408584,1.4818658
0,125,0.90876925,0.62369233,0.796,0.050077323,5.3632917,5.0124335,0.043375358,2.0751214,1.4445571
0,130,0.9116154,0.63223076,0.798,0.04920379,5.3470173,4.9638968,0.04249299,2.0598903,1.4249927
0,135,0.9156154,0.63461536,0.799,0.04843762,5.684714,4.8824615,0.04172712,2.0225036,1.3932242
0,140,0.91446155,0.6486923,0.787,0.047697663,5.5212097,4.8210707,0.04095798,1.9767855,1.3885459
0,145,0.9182308,0.64976925,0.791,0.047058534,5.52425,4.6684294,0.040360518,1.8674356,1.3551689
0,150,0.92,0.65807694,0.796,0.046420857,5.7896657,4.730708,0.039714757,1.9576396,1.3365002
0,155,0.923,0.6672308,0.799,0.04585528,5.601658,4.5801964,0.03917344,1.8378192,1.3147156
0,160,0.92323077,0.6793846,0.787,0.045283042,5.639513,4.471503,0.03862231,1.7494581,1.3031446
0,165,0.9255385,0.68107694,0.801,0.04470732,5.835638,4.4473324,0.0380522,1.7583227,1.2779697
0,170,0.92592305,0.6883846,0.811,0.0442302,5.8950605,4.3866663,0.037600014,1.7280625,1.254638
0,175,0.9238461,0.6993077,0.782,0.043726128,5.9939284,4.1756787,0.037090495,1.546983,1.2312405
0,180,0.9297692,0.7089231,0.78,0.0432337,5.9273415,4.174874,0.036640417,1.5698202,1.2140347
0,185,0.92661536,0.70792305,0.791,0.042763602,5.9299126,4.2964807,0.03618223,1.7218024,1.1895839
0,190,0.93015385,0.719,0.78,0.042300448,6.106041,4.143306,0.035734937,1.5845774,1.1792004
0,195,0.93392307,0.72638464,0.78,0.041850276,6.1926723,4.0677595,0.035360523,1.533133,1.1599531
0,200,0.93538463,0.73776925,0.789,0.0413949,6.003538,4.18688,0.034914866,1.6774021,1.1398965
0,205,0.9353077,0.7426154,0.788,0.040911622,6.2611666,4.032566,0.034501486,1.5505087,1.117072
0,210,0.9373846,0.74815387,0.782,0.04053076,6.3781786,3.861033,0.034078315,1.3988678,1.1017795
0,215,0.9383846,0.7561538,0.776,0.040077906,6.1834946,3.9519737,0.033660855,1.5117157,1.0841932
0,220,0.9403077,0.76030767,0.783,0.039628543,6.048374,3.8093014,0.033310227,1.3756156,1.0817833
0,225,0.94146156,0.76838464,0.786,0.039211202,6.1178517,3.8234735,0.03290065,1.4179128,1.0575081
0,230,0.9421539,0.7727692,0.786,0.03878346,6.0632114,3.7149541,0.032534987,1.3243015,1.046185
0,235,0.9420769,0.7767692,0.782,0.03837964,6.251601,3.6822498,0.032165572,1.3123049,1.0288218
0,240,0.9433077,0.7846154,0.781,0.037978545,6.405204,3.727478,0.03182891,1.3699741,1.0195025
0,245,0.94676924,0.79207695,0.782,0.037571885,6.2135305,3.7420325,0.031460576,1.3979177,1.0091333
0,250,0.9453077,0.797,0.786,0.037167665,6.3552313,3.6604273,0.03108412,1.3242474,1.0042092
1,5,0.76484615,0.229,0.6,0.36355674,6.519104,11.154797,0.36577,4.994664,2.3497484
1,10,0.8083846,0.35246155,0.636,0.3158011,6.333872,10.359283,0.31782794,4.598447,2.1903028
1,15,0.818,0.39515385,0.664,0.27460343,5.9186354,9.877667,0.27660972,4.4446855,2.0974185
1,20,0.8227692,0.41307694,0.682,0.2392747,6.0427017,9.5177,0.24131769,4.3695016,2.0345156
1,25,0.82176924,0.4293077,0.698,0.20888633,5.776026,9.036663,0.21098214,4.1528497,1.9732914
1,30,0.8289231,0.4446923,0.704,0.18285659,6.0053873,8.80133,0.18508685,4.1526074,1.9201815
1,35,0.83223075,0.4599231,0.721,0.16043948,5.7450438,8.426153,0.1628029,3.988019,1.871062
1,40,0.83930767,0.46992308,0.732,0.1414587,5.3366303,8.19403,0.14394917,3.9462993,1.8234409
1,45,0.84692305,0.4879231,0.721,0.12540169,5.330866,7.7309246,0.12808679,3.6600466,1.7728633
1,50,0.8556923,0.50553846,0.721,0.11178123,5.3620872,7.381932,0.11473359,3.4566946,1.7372204
1,55,0.8638462,0.51530766,0.731,0.10018832,5.6122627,7.1883426,0.10326372,3.3979466,1.6965241
1,60,0.86776924,0.5386923,0.722,0.09028933,5.7771397,6.947016,0.09358574,3.2754245,1.6593935
1,65,0.8714615,0.548,0.736,0.08183893,5.9495425,6.7264214,0.085349,3.155584,1.6311055
1,70,0.8783846,0.55938464,0.717,0.074582726,5.9372015,6.52331,0.07824758,3.0502524,1.5977597
1,75,0.88007694,0.57453847,0.717,0.06834174,6.425653,6.4049554,0.07219362,3.016114,1.5705533
1,80,0.8799231,0.5846923,0.717,0.06304029,6.2138553,6.225878,0.0671435,2.92177,1.5362599
1,85,0.88515383,0.5906923,0.702,0.058640253,6.5187097,6.054534,0.062835924,2.823203,1.5085537
1,90,0.8863077,0.5999231,0.73,0.054838467,6.1848173,5.8789344,0.05913566,2.7172575,1.4789183
1,95,0.88792306,0.6126154,0.713,0.051644497,6.385852,5.8521123,0.056058846,2.750044,1.4550459
1,100,0.8903846,0.61823076,0.719,0.048954543,6.657719,5.6714163,0.053463515,2.6353016,1.4210159
1,105,0.8936923,0.62823075,0.731,0.046697367,6.963454,5.534495,0.051204078,2.5456414,1.4021435
1,110,0.89223075,0.63346153,0.715,0.044675253,6.9078045,5.3766785,0.049349815,2.4473915,1.368047
1,115,0.89453846,0.63976926,0.699,0.042964593,7.520218,5.2300773,0.04769867,2.3448405,1.3474811
1,120,0.8935385,0.64653844,0.701,0.041500226,7.4319353,5.2252703,0.046258695,2.3836102,1.3245567
1,125,0.89976925,0.657,0.702,0.040221833,7.7366323,5.161419,0.04504713,2.369958,1.2922997
1,130,0.9013077,0.6631538,0.703,0.039122455,7.9151154,5.083892,0.043958593,2.325846,1.2752941
1,135,0.89930767,0.67353845,0.719,0.03806892,8.409343,5.0388536,0.042861372,2.320342,1.250667
1,140,0.9051539,0.6828461,0.716,0.037201717,8.2015915,4.948755,0.042074457,2.260966,1.233006
1,145,0.90476924,0.6943077,0.709,0.036373165,8.419092,4.941689,0.04132759,2.2937078,1.2050316
1,150,0.9066154,0.7016154,0.71,0.035665378,8.343672,4.8607593,0.040505476,2.2374792,1.1906346
1,155,0.90807694,0.70915383,0.683,0.03502623,8.734978,4.7496185,0.039886896,2.1578746,1.1681103
1,160,0.91115385,0.72184616,0.713,0.034396168,8.577496,4.5083714,0.039235987,1.9556814,1.1372054
1,165,0.9116154,0.734,0.7,0.033866562,8.547159,4.7163134,0.03876944,2.192287,1.1160026
1,170,0.91138464,0.7433846,0.689,0.03333363,8.888122,4.399276,0.03823088,1.8973167,1.1008321
1,175,0.91253847,0.7561538,0.699,0.03287495,8.97849,4.545914,0.03769998,2.062411,1.0887768
1,180,0.91384614,0.76453847,0.693,0.032406673,9.176913,4.3974395,0.03725143,1.9486529,1.0598232
1,185,0.917,0.7693846,0.7,0.031985298,9.291352,4.506591,0.036728688,2.0838947,1.0391968
1,190,0.9156923,0.77446157,0.693,0.03157225,9.966617,4.380212,0.036439277,1.979815,1.0221264
1,195,0.9196154,0.7820769,0.714,0.031200513,9.59261,4.2371335,0.035934813,1.8557248,1.0086586
1,200,0.9167692,0.781,0.696,0.030842844,9.847547,4.3304873,0.03552223,1.9709144,0.99235356
1,205,0.92276925,0.7898462,0.685,0.030481126,9.537788,4.1919184,0.035101194,1.84868,0.98096514
1,210,0.92115384,0.7900769,0.68,0.030105576,9.965068,4.155896,0.034802258,1.8431811,0.9549106
1,215,0.92138463,0.7943846,0.675,0.029790249,10.599338,4.1520166,0.03441881,1.8613224,0.93699026
1,220,0.92453843,0.80046153,0.688,0.029429933,10.389896,4.0542226,0.03412036,1.777992,0.92649096
1,225,0.92746156,0.80284613,0.673,0.029128226,10.678487,4.0430117,0.033687733,1.781362,0.91610813
1,230,0.9263846,0.8031539,0.673,0.028816173,10.919441,3.8882422,0.033304654,1.6488254,0.89791673
1,235,0.9283846,0.80707693,0.68,0.028503858,10.798338,3.914601,0.03298151,1.6921598,0.8843332
1,240,0.92776924,0.8112308,0.69,0.028205127,10.855719,3.946597,0.032625005,1.7335079,0.87837535
1,245,0.93,0.81607693,0.682,0.027884223,11.086943,3.8526392,0.03229085,1.6597027,0.86146486
1,250,0.9313077,0.82123077,0.664,0.027592018,10.952738,3.7693522,0.032060977,1.5953647,0.8452867
2,5,0.74746156,0.19707692,0.84,0.29225543,3.85385,11.595071,0.2928274,5.415447,2.4285908
2,10,0.7972308,0.28484616,0.93,0.24671209,3.0476162,10.660921,0.24763016,4.8428593,2.3029532
2,15,0.8076154,0.3433077,0.961,0.21126734,2.4379747,10.059274,0.21269396,4.560456,2.2011337
2,20,0.8183077,0.36846155,0.964,0.18443783,2.12428,9.394079,0.18628545,4.1817703,2.1119354
2,25,0.8227692,0.3906923,0.974,0.16366264,2.0399234,9.010331,0.16600992,4.0456166,2.042193
2,30,0.83146155,0.4163077,0.976,0.1472984,1.960871,8.735842,0.15004571,3.9883432,1.9833025
2,35,0.83853847,0.44176924,0.968,0.13417082,1.8954084,8.421532,0.13737607,3.863921,1.932124
2,40,0.84192306,0.45938462,0.974,0.123276606,1.7966619,8.039984,0.12655407,3.6566958,1.8815244
2,45,0.84884614,0.4836154,0.962,0.114015184,1.829806,7.821594,0.11780931,3.5900495,1.8389672
2,50,0.8533846,0.499,0.966,0.1059729,1.8990756,7.5858736,0.10983641,3.4924064,1.7967288
2,55,0.8589231,0.51461536,0.961,0.09908928,1.8137271,7.233476,0.103166975,3.262261,1.7588542
2,60,0.86323076,0.5399231,0.961,0.09289241,1.8078871,7.2532334,0.09710921,3.401234,1.7148058
2,65,0.86784613,0.5616154,0.958,0.087327175,2.0294542,6.917038,0.0918157,3.1684663,1.6772178
2,70,0.87246156,0.5776154,0.948,0.08238879,1.9188989,6.7773247,0.08681284,3.119682,1.6439183
2,75,0.8746923,0.59569234,0.944,0.077925496,2.178431,6.622047,0.08239081,3.055198,1.6039628
2,80,0.8769231,0.6180769,0.936,0.07387282,2.2328374,6.4351387,0.07838985,2.948089,1.5693339
2,85,0.8786154,0.6283077,0.94,0.07022752,2.204494,6.175611,0.07480381,2.7578564,1.5400379
2,90,0.88438463,0.64669234,0.933,0.06689763,2.1656404,6.1268926,0.07151369,2.777951,1.5075185
2,95,0.8866154,0.6541538,0.922,0.06386531,2.3876212,6.0631976,0.06850915,2.7785707,1.4758459
2,100,0.8880769,0.6682308,0.925,0.06115248,2.448124,5.8741493,0.06577332,2.6441822,1.4494944
2,105,0.8910769,0.68492305,0.915,0.058688845,2.712231,5.87615,0.06327967,2.70458,1.4162776
2,110,0.892,0.6985385,0.906,0.056408264,2.7986133,5.657597,0.06096404,2.536957,1.3879063
2,115,0.89223075,0.7087692,0.917,0.05439244,2.6885388,5.7008424,0.05889772,2.623558,1.3643813
2,120,0.89553845,0.7216154,0.896,0.052520335,2.8809621,5.429605,0.05690451,2.4107919,1.3240505
2,125,0.8983077,0.7306923,0.908,0.05081442,2.7494068,5.467613,0.05526892,2.4894726,1.2996773
2,130,0.8985385,0.7421538,0.917,0.04924361,2.7372372,5.4052963,0.05372272,2.4729261,1.2689205
2,135,0.8996923,0.7556923,0.889,0.04782399,2.9136407,5.3422384,0.052156605,2.446083,1.246696
2,140,0.9003846,0.76269233,0.896,0.046543233,2.8851914,5.1926847,0.050807297,2.336207,1.2200607
2,145,0.90384614,0.76676923,0.885,0.04535687,3.007893,5.1557674,0.049558077,2.345161,1.1868751
2,150,0.9070769,0.77646154,0.897,0.04428807,3.1903126,5.019526,0.04851091,2.2378304,1.1698595
2,155,0.9051539,0.7816154,0.882,0.043308176,3.2396815,4.9521136,0.04749064,2.1977608,1.1533526
2,160,0.9086923,0.7867692,0.874,0.042387195,3.2618985,4.937545,0.046543323,2.2237022,1.1232107
2,165,0.9096154,0.79284614,0.863,0.04155974,3.5032084,4.9337945,0.045696657,2.2535615,1.0991136
2,170,0.9100769,0.80038464,0.866,0.040771004,3.2741559,4.8360415,0.044888422,2.180256,1.0837495
2,175,0.9123846,0.805,0.869,0.040076353,3.392077,4.8186684,0.044166148,2.1945975,1.0610133
2,180,0.9143846,0.8076923,0.87,0.03934595,3.5320349,4.688867,0.043365303,2.092744,1.0421206
2,185,0.9122308,0.81676924,0.851,0.038772337,3.7656329,4.7357793,0.042788982,2.1657934,1.024107
2,190,0.915,0.8187692,0.85,0.038198516,3.8486238,4.7244678,0.042069063,2.1750734,1.010662
2,195,0.91876924,0.8227692,0.843,0.037636794,4.2314663,4.488757,0.04153043,1.955894,1.0006751
2,200,0.91846156,0.8283077,0.858,0.037064016,3.9919508,4.5996175,0.0408576,2.1006465,0.9733946
2,205,0.91884613,0.8339231,0.848,0.036587164,4.271155,4.4933105,0.04047739,2.0125718,0.9616213
2,210,0.9203846,0.83361536,0.838,0.036071382,4.2413983,4.4743905,0.039950877,2.0182447,0.9433672
2,215,0.92115384,0.8400769,0.838,0.03561119,4.221641,4.3516784,0.039363965,1.9164286,0.9283979
2,220,0.92607695,0.83953846,0.852,0.035201795,4.47324,4.290366,0.03895024,1.8754015,0.91353846
2,225,0.9248462,0.8453846,0.845,0.034747645,4.3741946,4.1973805,0.038462836,1.8031954,0.89816517
2,230,0.9256923,0.8476923,0.831,0.0343344,4.5006223,4.0750585,0.038058326,1.6949437,0.88949025
2,235,0.93,0.84876925,0.822,0.033931933,4.3005977,4.2028317,0.03757477,1.8436177,0.8736298
2,240,0.9269231,0.85276926,0.823,0.033524282,4.82253,4.1685996,0.037255812,1.8263183,0.8615597
2,245,0.9312308,0.8543077,0.818,0.033151254,4.650902,4.1076946,0.036755804,1.7864366,0.8453949
2,250,0.92923075,0.8562308,0.805,0.032743454,4.7942157,4.046195,0.036355276,1.7479727,0.82668614
3,5,0.76392305,0.16192308,0.673,0.54854864,6.0803213,11.723996,0.5480015,5.2669544,2.4552135
3,10,0.78684616,0.26961538,0.735,0.48713508,5.8197446,11.069344,0.4867715,5.008684,2.32364
3,15,0.808,0.35023078,0.759,0.434144,5.501554,10.458162,0.4340608,4.740184,2.229213
3,20,0.8183077,0.3763077,0.77,0.38729843,5.510257,10.012781,0.38737932,4.603837,2.1512606
3,25,0.82415384,0.404,0.784,0.34616917,5.500956,9.555358,0.34639528,4.423188,2.0874743
3,30,0.8276154,0.41623077,0.785,0.30965096,5.3666687,9.076568,0.30996734,4.1906257,2.03535
3,35,0.8316923,0.42646155,0.785,0.27676716,5.6175175,8.779756,0.27724683,4.1156225,1.9895239
3,40,0.8343077,0.43584615,0.776,0.24776718,5.558843,8.485323,0.24841374,4.0286474,1.939806
3,45,0.8370769,0.44584614,0.774,0.22170268,5.775564,8.37581,0.22253887,4.1003566,1.8990728
3,50,0.8422308,0.45676923,0.776,0.1986669,5.7098427,7.948776,0.19965975,3.836495,1.8599664
3,55,0.8482308,0.46892306,0.767,0.17853612,5.972949,7.5480556,0.17964031,3.5887768,1.8160055
3,60,0.8517692,0.49023077,0.764,0.16134807,6.2523594,7.476239,0.16258347,3.6591973,1.7693412
3,65,0.8607692,0.51123077,0.767,0.14662589,6.182807,7.2084913,0.14797622,3.5183887,1.7263446
3,70,0.8607692,0.538,0.768,0.13371418,6.511405,6.9112105,0.13518813,3.332582,1.6888691
3,75,0.86684614,0.566,0.759,0.12259397,6.4341025,6.863044,0.124171644,3.393633,1.6452441
3,80,0.87015384,0.57984614,0.76,0.113170564,6.3711905,6.701875,0.11479487,3.3196938,1.6157198
3,85,0.8726923,0.59807694,0.759,0.104910895,6.018975,6.4362745,0.10668408,3.1428947,1.5783645
3,90,0.8783846,0.6139231,0.758,0.0978071,6.266018,6.1579714,0.09969229,2.949176,1.5397667
3,95,0.8792308,0.6253846,0.757,0.091664545,6.7404776,6.092295,0.0936396,2.9459848,1.5179417
3,100,0.8830769,0.6387692,0.759,0.08621748,6.5305157,5.99752,0.088268355,2.9079006,1.4976765
3,105,0.88653845,0.65146154,0.757,0.08144506,6.751101,5.7618427,0.08358063,2.7414017,1.4611024
3,110,0.8853846,0.6608462,0.759,0.077346146,6.638483,5.7229295,0.07953711,2.7513385,1.4413828
3,115,0.88576925,0.67323077,0.758,0.073627345,6.7617493,5.579683,0.07586685,2.6754913,1.4001659
3,120,0.8930769,0.68153846,0.759,0.07039816,6.954999,5.4385304,0.07273483,2.575129,1.3824596
3,125,0.8967692,0.6894615,0.762,0.06746449,7.0188737,5.2763047,0.069846764,2.463794,1.3524147
3,130,0.89615387,0.6909231,0.752,0.064898685,6.8458595,5.2319345,0.0672563,2.4542067,1.3360201
3,135,0.8991538,0.70123076,0.768,0.06252518,7.0480766,5.200788,0.06490961,2.469737,1.3057113
3,140,0.9015385,0.70692307,0.75,0.060286287,7.2392845,5.1509886,0.06275763,2.4514768,1.2888447
3,145,0.9053846,0.71192306,0.757,0.05831859,7.391452,5.1078186,0.06082115,2.4505517,1.2598933
3,150,0.9042308,0.7176923,0.756,0.056452192,7.3309145,5.0367446,0.059024334,2.3974016,1.2542479
3,155,0.9058462,0.72238463,0.75,0.05464346,7.5849314,4.9510107,0.05726518,2.3560147,1.2213851
3,160,0.91146153,0.72992307,0.756,0.052976057,7.3648014,4.7571626,0.05560186,2.2001786,1.194112
3,165,0.9148462,0.7329231,0.768,0.051457103,7.6131864,4.7967396,0.05402752,2.2596533,1.1842425
3,170,0.91353846,0.74161536,0.756,0.049961522,7.74578,4.6641946,0.05259041,2.1649175,1.1551256
3,175,0.9160769,0.74938464,0.764,0.048633944,7.2422323,4.531072,0.051276263,2.05903,1.1357846
3,180,0.9150769,0.7553077,0.753,0.047372423,7.7094073,4.5002346,0.04998266,2.04181,1.1295992
3,185,0.9186154,0.76384616,0.752,0.0461763,8.055603,4.3543744,0.0488502,1.915254,1.1169238
3,190,0.91853845,0.76861537,0.754,0.04507629,7.9425325,4.5423427,0.047656246,2.1381392,1.0881604
3,195,0.9243077,0.7746154,0.751,0.044033274,7.9404407,4.491243,0.04670428,2.1156478,1.0651302
3,200,0.92346156,0.78046155,0.755,0.042993937,8.067608,4.2896976,0.045629263,1.93448,1.0500716
3,205,0.9264615,0.7813846,0.743,0.042076785,8.14382,4.287945,0.04471661,1.9465858,1.041003
3,210,0.9264615,0.78623074,0.745,0.041191388,7.8933854,4.312904,0.043887716,2.0006595,1.0162098
3,215,0.9263846,0.79161537,0.745,0.04035072,7.970326,4.14662,0.04303704,1.848319,1.0062331
3,220,0.9263077,0.80446154,0.751,0.03960447,8.644484,4.057021,0.042274263,1.7857903,0.9821869
3,225,0.92915386,0.8086154,0.748,0.038850512,8.604887,4.0240245,0.04152618,1.7666206,0.9712024
3,230,0.9313846,0.81723076,0.75,0.038162135,8.515845,3.9361904,0.04086621,1.7017828,0.95065624
3,235,0.93423074,0.82392305,0.752,0.037507966,8.558377,3.9738889,0.040174406,1.7519598,0.9405437
3,240,0.9329231,0.833,0.745,0.036883883,8.661122,3.8097937,0.03953295,1.618052,0.91291636
3,245,0.9337692,0.83523077,0.746,0.03632866,8.822802,3.883514,0.03897868,1.7073939,0.8994356
3,250,0.9346154,0.8432308,0.741,0.035775706,9.097495,3.6647723,0.038390685,1.5047485,0.8854627
4,5,0.77815384,0.16030769,0.862,0.52169645,4.7381024,11.771119,0.52098095,5.4064627,2.4192572
4,10,0.7993846,0.24084616,0.823,0.45076272,4.7440634,10.832185,0.44966003,4.88483,2.2799335
4,15,0.81276923,0.32153845,0.813,0.39211902,4.747275,10.235744,0.39106557,4.6422787,2.180878
4,20,0.82146156,0.3576923,0.819,0.34367114,4.679213,9.808468,0.34232852,4.5250244,2.1030152
4,25,0.823,0.38423076,0.781,0.3030137,4.965879,9.466594,0.30147752,4.456008,2.0400672
4,30,0.8273846,0.40392306,0.769,0.26919228,5.0187883,9.09674,0.2675978,4.322009,1.9916899
4,35,0.8317692,0.42553845,0.754,0.2408968,5.232355,8.512727,0.23918357,3.955762,1.9405532
4,40,0.8415385,0.44753847,0.738,0.21720363,5.4046464,8.225295,0.21549661,3.8610947,1.8945553
4,45,0.8482308,0.472,0.707,0.19731191,5.469652,7.7180457,0.19571659,3.5198948,1.8573933
4,50,0.85307693,0.4923077,0.686,0.18079877,6.034117,7.539188,0.1791219,3.4951293,1.8165138
4,55,0.8606154,0.5152308,0.679,0.16647856,6.279109,7.29532,0.16486251,3.3898666,1.777254
4,60,0.86492306,0.5386154,0.635,0.15421884,6.9444795,6.979181,0.15257467,3.2093544,1.7288313
4,65,0.87253845,0.5587692,0.638,0.14358558,7.157578,6.900859,0.1419536,3.2397885,1.696637
4,70,0.8756923,0.5783077,0.614,0.13433705,7.3603745,6.655806,0.13272706,3.0910194,1.6668619
4,75,0.87684613,0.5993077,0.607,0.12625079,7.983756,6.585335,0.12476333,3.1136024,1.6316191
4,80,0.8811538,0.6159231,0.574,0.1189369,8.157384,6.338237,0.11747697,2.9495687,1.5993487
4,85,0.8837692,0.63146156,0.564,0.112525105,8.1893215,6.0511026,0.11121386,2.736013,1.5692083
4,90,0.88676924,0.6463077,0.589,0.10675144,8.139374,6.018929,0.10553074,2.778858,1.5327827
4,95,0.8901538,0.65361536,0.588,0.101674795,8.302162,5.944151,0.10048003,2.76232,1.5087858
4,100,0.8920769,0.66584617,0.609,0.096940495,8.422554,5.826984,0.09581505,2.7051663,1.4794465
4,105,0.89507693,0.67784613,0.571,0.092717074,8.517565,5.621686,0.09172653,2.5603583,1.4461777
4,110,0.89669234,0.682,0.546,0.08879269,9.030197,5.4845963,0.087831765,2.4808023,1.4122894
4,115,0.89792305,0.69061536,0.556,0.08518394,8.687239,5.383065,0.08426223,2.4226608,1.3894615
4,120,0.9015385,0.6956923,0.589,0.08189462,8.67478,5.3365307,0.08098283,2.4237003,1.3601025
4,125,0.90523076,0.70953846,0.597,0.07874123,8.697881,5.133568,0.07785536,2.2571464,1.340253
4,130,0.90692306,0.71761537,0.58,0.07588366,9.447612,5.112465,0.07504774,2.2874217,1.3037838
4,135,0.90692306,0.7333077,0.601,0.07319999,8.924848,5.0207806,0.07240713,2.2288322,1.2846843
4,140,0.9090769,0.74107695,0.602,0.07072537,8.833084,4.7983766,0.07003778,2.0502799,1.2528957
4,145,0.91346157,0.7563077,0.595,0.06846247,8.864146,4.760952,0.06767365,2.0486078,1.2282324
4,150,0.9116923,0.76007694,0.558,0.066200055,9.568871,4.772382,0.0655408,2.1079824,1.1896725
4,155,0.91453844,0.77053845,0.557,0.06417501,10.132071,4.6977735,0.06348646,2.0605338,1.1706517
4,160,0.91515386,0.7777692,0.554,0.0622541,9.724961,4.551114,0.061478384,1.940094,1.152532
4,165,0.9186923,0.7873077,0.568,0.06045489,10.122107,4.325011,0.059742257,1.7532375,1.1206111
4,170,0.92,0.7931538,0.572,0.058731712,9.95913,4.4786563,0.05807058,1.9373322,1.097198
4,175,0.9207692,0.80323076,0.547,0.057148516,10.623718,4.3407707,0.05645808,1.833852,1.0692941
4,180,0.9239231,0.81153846,0.561,0.055741083,10.02943,4.2803493,0.05498141,1.8033526,1.0455552
4,185,0.9243846,0.8113846,0.531,0.054347813,10.425945,4.3574944,0.053664364,1.9109465,1.0209421
4,190,0.9256923,0.82123077,0.535,0.05303228,10.913592,4.226367,0.052423693,1.7946956,1.0115727
4,195,0.92415386,0.81892306,0.556,0.05181531,11.122666,4.128311,0.05111461,1.7276932,0.986084
4,200,0.9256154,0.8280769,0.548,0.050683565,11.095191,4.202794,0.049976237,1.8256838,0.9677816
4,205,0.93207693,0.8334615,0.561,0.049632624,11.000101,4.0637636,0.048877783,1.6982052,0.9610943
4,210,0.92853844,0.83646154,0.523,0.04860492,11.371561,4.03216,0.047856584,1.6873847,0.9446779
4,215,0.9312308,0.8400769,0.558,0.047667902,11.365352,3.921019,0.04691419,1.6038281,0.9216379
4,220,0.932,0.8427692,0.527,0.046810463,12.181196,3.833906,0.046032026,1.5396857,0.9031365
4,225,0.9313846,0.8410769,0.506,0.0459902,11.218972,3.7666678,0.045204878,1.4797027,0.89990115
4,230,0.93315387,0.8472308,0.541,0.045251895,12.024599,3.9170651,0.044427495,1.6599145,0.8735661
4,235,0.93507695,0.8524615,0.514,0.044471107,12.150051,3.7774656,0.043692447,1.5361751,0.8612385
4,240,0.93653846,0.8576154,0.532,0.043784525,11.969208,3.6822076,0.043049075,1.4611418,0.8442792
4,245,0.93853843,0.85707694,0.524,0.043121923,11.930407,3.7701728,0.042413253,1.561094,0.8354444
4,250,0.9402308,0.86653847,0.528,0.042529114,11.44776,3.7471702,0.041736823,1.5554607,0.8208978
5,5,0.7636923,0.22423077,0.6,0.7504025,6.89832,12.080339,0.7566254,5.475392,2.4261003
5,10,0.7636923,0.29892308,0.6,0.66030174,6.460295,11.252557,0.66593236,5.1184244,2.271944
5,15,0.8147692,0.33453846,0.67,0.5829592,6.107332,10.510088,0.5881216,4.7969537,2.1527033
5,20,0.83246154,0.37384614,0.71,0.5157457,5.8986683,9.895962,0.5203021,4.5434775,2.0724745
5,25,0.845,0.42492306,0.698,0.45767763,5.9868236,9.239834,0.4620138,4.209924,2.0022378
5,30,0.8572308,0.45984614,0.707,0.40769616,6.2903414,8.621886,0.41161868,3.8679912,1.9516754
5,35,0.8606154,0.4833077,0.694,0.3641402,5.982142,8.247824,0.36782503,3.7500737,1.8960907
5,40,0.86707693,0.5044615,0.71,0.32657364,6.133015,8.002567,0.33009827,3.7268562,1.8511316
5,45,0.8726154,0.5239231,0.708,0.2939768,6.202673,7.588878,0.29736167,3.5168653,1.8022447
5,50,0.876,0.5407692,0.712,0.2657039,6.104376,7.2432814,0.268937,3.346976,1.761749
5,55,0.8836923,0.5554615,0.71,0.24091929,5.9759374,6.956704,0.24403666,3.2224383,1.7183673
5,60,0.88715386,0.5677692,0.709,0.21913262,6.429888,6.727794,0.22224173,3.135697,1.677864
5,65,0.89030766,0.5816154,0.72,0.1998541,6.3808002,6.5005426,0.20294827,3.0304766,1.6425495
5,70,0.89946157,0.60015386,0.73,0.18296798,6.0601273,6.215755,0.18601999,2.8650389,1.5982628
5,75,0.89876926,0.6123846,0.731,0.16809274,6.1792936,6.10193,0.1710285,2.8491096,1.5657156
5,80,0.90123075,0.6271539,0.733,0.15455447,5.9471397,6.048083,0.15754916,2.8842213,1.5336598
5,85,0.90553844,0.646,0.744,0.14263773,5.935697,5.8880653,0.14555265,2.806119,1.5005842
5,90,0.9060769,0.6567692,0.745,0.13193528,5.9847713,5.5994163,0.1349096,2.58878,1.472537
5,95,0.911,0.6746154,0.747,0.12239187,5.967003,5.5647254,0.12535022,2.6362295,1.4285991
5,100,0.9123077,0.6896923,0.756,0.113827765,5.928793,5.2954884,0.11681127,2.4320037,1.3978657
5,105,0.91376925,0.6986923,0.749,0.106104024,6.066106,5.2979774,0.10911473,2.4856954,1.3763638
5,110,0.9139231,0.71076924,0.714,0.09915279,6.275432,5.1155066,0.10221842,2.3597345,1.3453215
5,115,0.9146154,0.72553843,0.766,0.09290758,5.7974157,5.16182,0.09595468,2.4598417,1.3141919
5,120,0.9176154,0.7413077,0.759,0.08731195,5.582114,5.000153,0.09040549,2.3442848,1.2887821
5,125,0.91807693,0.74853843,0.757,0.0821105,6.117521,4.891542,0.085269384,2.2845907,1.2583982
5,130,0.9212308,0.75938463,0.767,0.07743951,5.841747,4.68121,0.08062639,2.1220539,1.2273468
5,135,0.9212308,0.7746154,0.744,0.073159516,5.7353926,4.713269,0.076381326,2.1953108,1.2010733
5,140,0.9233846,0.78423077,0.749,0.069352865,5.7943163,4.681082,0.07259135,2.1994371,1.1777072
5,145,0.9236923,0.7979231,0.747,0.06579759,6.0760756,4.4826107,0.06907089,2.0416136,1.1489053
5,150,0.92592305,0.804,0.769,0.06256958,5.9258785,4.5165873,0.065909594,2.0970168,1.1375283
5,155,0.92453843,0.8120769,0.781,0.05957199,5.497383,4.437029,0.06292189,2.0642264,1.1000955
5,160,0.9263846,0.81815386,0.755,0.056832813,6.2829256,4.443832,0.060249053,2.0991068,1.0807142
5,165,0.9283846,0.82546157,0.742,0.054277804,5.9173417,4.3857455,0.05772098,2.066948,1.0630141
5,170,0.9297692,0.82769233,0.737,0.05202882,6.361018,4.257472,0.05544833,1.9650911,1.0439122
5,175,0.9333077,0.8375385,0.72,0.04989372,6.3799043,4.1318135,0.05337742,1.8746884,1.0154529
5,180,0.9356923,0.8393846,0.726,0.047936097,6.540704,4.1597347,0.051424228,1.932801,0.99171174
5,185,0.93323076,0.8433077,0.76,0.046134677,6.0655065,3.9587786,0.049685348,1.7484527,0.9810371
5,190,0.93438464,0.85092306,0.733,0.044425987,6.395369,4.0110817,0.048003968,1.8251789,0.96234715
5,195,0.9353077,0.84830767,0.736,0.042866763,6.0869308,3.874803,0.046447244,1.7154993,0.9410298
5,200,0.939,0.85423076,0.726,0.041467343,6.364207,3.7554646,0.045058332,1.6192942,0.92308474
5,205,0.9376923,0.8581538,0.714,0.040139567,6.457293,3.84195,0.043750152,1.728297,0.90527093
5,210,0.93853843,0.8659231,0.733,0.03892941,6.25696,3.9082005,0.042546224,1.8085952,0.895672
5,215,0.9406923,0.8616923,0.688,0.037794784,6.5060563,3.678731,0.04136616,1.6035265,0.8755073
5,220,0.9386154,0.86346155,0.698,0.036743898,6.9721217,3.77652,0.040395714,1.7263097,0.854565
5,225,0.94346154,0.8712308,0.745,0.035757437,6.554375,3.7348304,0.03939589,1.6927463,0.8503628
5,230,0.9397692,0.87315387,0.724,0.034834336,6.1019554,3.723472,0.038513396,1.7014445,0.83384913
5,235,0.94315386,0.8726154,0.712,0.03402842,6.7527742,3.5781832,0.037699632,1.5769304,0.81643546
5,240,0.9437692,0.8762308,0.725,0.03326508,6.437938,3.5051117,0.03693972,1.5122342,0.81100464
5,245,0.94792306,0.8786154,0.745,0.032546334,6.5953026,3.391464,0.03620615,1.4180518,0.79425913
5,250,0.94753844,0.88,0.707,0.031941943,5.985372,3.4075265,0.035586182,1.4421096,0.7889308
6,5,0.7526923,0.08846154,0.812,0.50735515,4.4888983,11.77946,0.504926,5.3459573,2.481475
6,10,0.79084617,0.16184616,0.89,0.4367831,3.8849325,10.82973,0.4348946,4.754884,2.391506
6,15,0.8104615,0.2356923,0.897,0.37671244,3.6126494,10.058463,0.37557793,4.308317,2.31818
6,20,0.8227692,0.28284615,0.888,0.3264887,3.428129,9.490983,0.32546598,4.0548654,2.2314796
6,25,0.8299231,0.33307692,0.893,0.2844125,3.5689392,9.293169,0.28369728,4.1376896,2.1542027
6,30,0.8368462,0.37023076,0.865,0.24832992,3.7697532,8.744,0.24807377,3.8337212,2.0933235
6,35,0.84476924,0.39461538,0.85,0.21782081,3.9226584,8.412995,0.21783318,3.720322,2.0416617
6,40,0.8491538,0.40953845,0.834,0.19186173,4.125407,8.005482,0.19202207,3.4961164,2.0044222
6,45,0.85992306,0.41984615,0.825,0.16982758,4.4556274,7.811195,0.17006086,3.4718018,1.9602742
6,50,0.8676154,0.4366923,0.81,0.15120396,4.6389265,7.431893,0.15178242,3.245714,1.9177026
6,55,0.8703077,0.45153847,0.78,0.13545084,5.2124195,7.21457,0.13622513,3.1702766,1.8729621
6,60,0.87961537,0.45961538,0.773,0.12208231,5.405117,7.0119305,0.12301445,3.0911481,1.8340138
6,65,0.87938464,0.47407693,0.732,0.110772334,5.7024007,6.774756,0.1118312,2.9606283,1.8010122
6,70,0.8869231,0.48738462,0.72,0.101114094,6.203664,6.4609327,0.10237357,2.7571502,1.7560018
6,75,0.892,0.5030769,0.705,0.09289322,6.391054,6.2772956,0.094306685,2.670042,1.7187103
6,80,0.8956923,0.52338463,0.693,0.085831426,6.5449386,6.08075,0.08738441,2.5651336,1.6801469
6,85,0.89669234,0.5382308,0.688,0.07984799,6.613018,5.90432,0.08150479,2.4712455,1.6444253
6,90,0.9033846,0.5556923,0.698,0.07482101,6.8964295,5.7776675,0.07658629,2.4210234,1.6086082
6,95,0.9039231,0.57530767,0.662,0.07042522,7.231825,5.656091,0.07231677,2.367592,1.576505
6,100,0.9093846,0.59215385,0.667,0.066772476,7.365541,5.484236,0.06871015,2.268762,1.5350841
6,105,0.91046154,0.61153847,0.663,0.06367724,7.841318,5.4566913,0.06570198,2.2993703,1.5049183
6,110,0.9131538,0.6233846,0.645,0.06099291,7.9239182,5.3884044,0.063103326,2.2834685,1.478424
6,115,0.9123846,0.63623077,0.656,0.058634937,7.86742,5.1567216,0.060866386,2.1114337,1.4430054
6,120,0.9148462,0.6446154,0.627,0.056651924,8.363027,4.9852085,0.058958028,1.9952725,1.4102085
6,125,0.9141539,0.6591538,0.653,0.054853108,8.435116,5.051811,0.057229407,2.1091077,1.3838731
6,130,0.9167692,0.6662308,0.638,0.05333361,8.373369,5.0036836,0.05569885,2.1104712,1.3534708
6,135,0.92046154,0.67423075,0.632,0.05196424,8.484208,4.8269906,0.05447843,1.9719181,1.3330177
6,140,0.92023075,0.6739231,0.617,0.050789215,8.789605,4.7602406,0.053327914,1.953982,1.3006904
6,145,0.92584616,0.6869231,0.617,0.049620476,8.640663,4.746168,0.052166894,1.9800904,1.2759639
6,150,0.9257692,0.68323076,0.614,0.048593096,9.535232,4.696035,0.051194906,1.9634646,1.256846
6,155,0.926,0.6920769,0.618,0.04770069,9.367462,4.6404066,0.050315946,1.945411,1.232813
6,160,0.92453843,0.6985385,0.599,0.046830885,9.677457,4.608164,0.049528338,1.9430504,1.2155089
6,165,0.93015385,0.7053077,0.612,0.045959104,9.236515,4.5393906,0.04870129,1.9100018,1.1915045
6,170,0.92853844,0.7080769,0.614,0.045207743,9.850765,4.5385423,0.047926344,1.9383082,1.1729491
6,175,0.9333846,0.7108461,0.611,0.04443327,10.002822,4.3888984,0.04724463,1.8175148,1.1536745
6,180,0.9329231,0.7170769,0.61,0.04374408,9.851145,4.3500085,0.046491414,1.8056259,1.1362703
6,185,0.9346154,0.72215384,0.631,0.043087937,9.846152,4.1924977,0.045867987,1.6717231,1.121584
6,190,0.936,0.725,0.62,0.04238616,10.006214,4.0489926,0.04516563,1.557917,1.1004869
6,195,0.93207693,0.73323077,0.59,0.04172582,10.287103,4.178377,0.044543736,1.7095389,1.086448
6,200,0.937,0.737,0.612,0.041117724,10.038242,4.0600257,0.043898627,1.6069419,1.0784819
6,205,0.94176924,0.74653846,0.607,0.040521346,10.222776,4.008993,0.04333958,1.5780241,1.0636659
6,210,0.9413846,0.7497692,0.602,0.039931815,10.530489,3.9902081,0.042697575,1.5893462,1.0408701
6,215,0.94153845,0.75384617,0.584,0.039347447,10.563035,3.8297067,0.04216347,1.443744,1.032751
6,220,0.9419231,0.7586923,0.595,0.03881924,11.114026,3.917505,0.041586727,1.5552258,1.0157133
6,225,0.94315386,0.7630769,0.564,0.038259402,11.4583645,3.8850384,0.04112556,1.5393662,1.0053556
6,230,0.946,0.77123076,0.622,0.03771949,10.541437,3.8066084,0.040484473,1.4903444,0.98195803
6,235,0.9445385,0.77476925,0.602,0.03720461,10.760275,3.6964073,0.039961956,1.4004602,0.96733356
6,240,0.9477692,0.77646154,0.59,0.036719568,10.895013,3.6431818,0.03948261,1.350442,0.9691194
6,245,0.94576925,0.7841538,0.613,0.036210455,10.72855,3.564304,0.03905838,1.2949681,0.95040417
6,250,0.9487692,0.7915385,0.602,0.035759922,11.168943,3.601124,0.03856522,1.3548498,0.93180656
7,5,0.7592308,0.14553846,0.875,0.4494581,3.9649959,11.524183,0.43293676,5.2086325,2.469501
7,10,0.7883846,0.21638462,0.877,0.39471427,3.7415257,10.9118185,0.38019156,4.992009,2.3460662
7,15,0.80415386,0.29215384,0.875,0.3488199,3.653972,10.2613325,0.3360685,4.698346,2.2357059
7,20,0.809,0.35992306,0.891,0.30951193,3.4909558,9.776475,0.2985399,4.5266695,2.1463451
7,25,0.818,0.38723078,0.869,0.27561036,3.7201796,9.296772,0.2662323,4.331567,2.0641482
7,30,0.8266154,0.4163077,0.842,0.24635777,3.8723416,8.783287,0.23848855,4.072068,1.9915082
7,35,0.83315384,0.44784614,0.806,0.22116508,4.2398744,8.416961,0.21463773,3.929362,1.9284707
7,40,0.8472308,0.47076923,0.802,0.19945283,4.3241906,7.9712453,0.19427554,3.6846313,1.8685585
7,45,0.8507692,0.4969231,0.788,0.18080243,4.7591467,7.819027,0.17692068,3.7015522,1.8202915
7,50,0.86153847,0.5176923,0.785,0.16493993,4.616271,7.5812273,0.16211148,3.6109705,1.7765013
7,55,0.86607695,0.54615384,0.761,0.15128027,4.734827,7.218984,0.14936666,3.390499,1.7262523
7,60,0.86946154,0.5616923,0.754,0.13932826,5.153436,7.1139855,0.13830462,3.4010677,1.691013
7,65,0.8737692,0.58953846,0.759,0.12901898,5.3695464,6.892779,0.1287689,3.296464,1.6444765
7,70,0.8776923,0.6022308,0.754,0.12004824,5.398245,6.6011906,0.12033196,3.0961325,1.6138695
7,75,0.879,0.6162308,0.761,0.112093896,5.4644156,6.331836,0.112925924,2.9129431,1.5805761
7,80,0.88584614,0.62823075,0.756,0.105008535,5.4141283,6.3277373,0.106309555,2.9885392,1.5474467
7,85,0.892,0.64523077,0.767,0.09868166,5.3419566,5.9242125,0.10031415,2.6498127,1.5243868
7,90,0.8923846,0.6573077,0.77,0.09308009,5.4631257,5.796497,0.09488985,2.5916877,1.4913822
7,95,0.8923077,0.6716923,0.763,0.08794212,5.691024,5.814557,0.089951314,2.673168,1.4601682
7,100,0.8953077,0.686,0.75,0.083263144,5.876113,5.809231,0.08545051,2.731203,1.4248989
7,105,0.8970769,0.7016154,0.737,0.07901115,6.013217,5.761891,0.08136533,2.7352822,1.39773
7,110,0.9010769,0.7120769,0.745,0.07519325,5.659319,5.5405507,0.077576414,2.5677123,1.3654355
7,115,0.90353847,0.72623074,0.758,0.07170446,6.2301617,5.431015,0.07410553,2.5036705,1.3393626
7,120,0.9053077,0.7395385,0.751,0.068475805,5.716452,5.2093244,0.07094294,2.3328142,1.3068243
7,125,0.9083077,0.74923074,0.758,0.06557743,6.1486716,5.2161617,0.06799023,2.378399,1.2852464
7,130,0.9084615,0.75753844,0.719,0.062915616,6.7285194,5.019328,0.06532035,2.2304933,1.2517842
7,135,0.9073077,0.7673846,0.721,0.060502484,6.731947,5.113728,0.06292857,2.3494568,1.240848
7,140,0.91384614,0.7703846,0.728,0.058315724,6.9292617,5.0273757,0.06063936,2.3113093,1.2035737
7,145,0.9139231,0.7836923,0.724,0.056290682,7.1009927,4.800214,0.058636483,2.1079566,1.1900454
7,150,0.9189231,0.7896154,0.738,0.054494306,6.6648574,4.8556123,0.05676698,2.2028284,1.160483
7,155,0.9167692,0.7953077,0.725,0.052851364,7.059473,4.648104,0.05507419,2.019116,1.145653
7,160,0.9206923,0.805,0.74,0.05136693,7.2345924,4.5736456,0.053504884,1.9884278,1.110176
7,165,0.9243077,0.80923074,0.724,0.049973037,7.2289953,4.560869,0.05206459,1.9986382,1.0945308
7,170,0.9222308,0.8177692,0.725,0.048684724,7.360241,4.3998375,0.050816204,1.8716195,1.0666494
7,175,0.9279231,0.82553846,0.742,0.04757111,7.1197915,4.394266,0.049573705,1.8902907,1.0482656
7,180,0.9289231,0.8346154,0.742,0.046530895,7.1204395,4.3225045,0.04847421,1.8445451,1.0278786
7,185,0.93061537,0.843,0.722,0.04556155,7.5707345,4.230724,0.04747755,1.778717,1.0071629
7,190,0.9296154,0.8493846,0.732,0.044693846,7.1128774,4.2545314,0.046534516,1.8295902,0.9848365
7,195,0.9316154,0.8550769,0.73,0.04383657,7.461878,4.250062,0.04567911,1.8512609,0.9633647
7,200,0.9346923,0.8612308,0.735,0.04305262,7.7734,4.1055717,0.044864565,1.7279958,0.94655037
7,205,0.9373846,0.86684614,0.731,0.042331465,7.652627,4.0964036,0.04412223,1.7356873,0.933599
7,210,0.93492305,0.8766154,0.72,0.041646287,7.9449935,4.021678,0.04338022,1.6837075,0.9142972
7,215,0.93723077,0.8796923,0.735,0.040986374,7.6774735,4.0306807,0.04266849,1.7164857,0.89386433
7,220,0.9403077,0.8828462,0.748,0.04038056,7.633118,3.8820133,0.042069808,1.5844223,0.8805304
7,225,0.942,0.8869231,0.729,0.039817978,8.031196,3.7695932,0.041454118,1.4849329,0.8706109
7,230,0.94153845,0.8913077,0.72,0.039241835,8.350332,3.8823528,0.040888835,1.627645,0.8435449
7,235,0.9456923,0.89692307,0.722,0.03873778,7.883454,3.7452445,0.040330637,1.5091367,0.8277693
7,240,0.9409231,0.9013077,0.72,0.038222037,8.375056,3.7225528,0.039778974,1.5033801,0.81330854
7,245,0.94623077,0.9033846,0.72,0.037716437,8.292349,3.8245797,0.039270222,1.6218985,0.798905
7,250,0.9461538,0.9106154,0.739,0.037226707,8.032753,3.6066942,0.03877548,1.4213275,0.7840075
8,5,0.751,0.12561539,0.767,0.3211678,4.832199,11.794807,0.31667158,5.4641347,2.5563645
8,10,0.78092307,0.13407692,0.782,0.26992646,5.1351004,11.093555,0.26691166,5.0920076,2.472619
8,15,0.7998462,0.15084615,0.723,0.23023875,5.6574316,10.650464,0.22776528,4.9556875,2.3945813
8,20,0.8093077,0.21307692,0.687,0.1990827,5.8117704,10.022254,0.1965522,4.6077924,2.324075
8,25,0.81815386,0.2670769,0.723,0.17440484,5.4457116,9.647399,0.17135218,4.4826384,2.2662518
8,30,0.817,0.29038462,0.755,0.15524355,5.3421645,9.226287,0.15128973,4.2855177,2.2163007
8,35,0.8223846,0.3086154,0.735,0.14019829,5.2964354,9.05246,0.135295,4.315913,2.168762
8,40,0.8243077,0.32607692,0.755,0.12848867,5.411157,8.789332,0.12239814,4.250823,2.110761
8,45,0.8276154,0.35,0.751,0.11932674,5.478229,8.625792,0.111897975,4.2634096,2.0598116
8,50,0.8309231,0.36915386,0.739,0.11216164,5.487149,8.367679,0.10342869,4.159658,2.0167606
8,55,0.8363846,0.40407693,0.736,0.10635527,5.394471,8.138034,0.09634318,4.069556,1.9762826
8,60,0.83576924,0.43353847,0.715,0.10163337,5.5586343,7.874204,0.09027721,3.946383,1.9231613
8,65,0.844,0.46153846,0.724,0.09782905,5.7944794,7.746468,0.08508689,3.9337068,1.885046
8,70,0.84776926,0.48646155,0.698,0.09420629,5.955351,7.4310884,0.0804101,3.7318273,1.8386031
8,75,0.8489231,0.51453847,0.693,0.09131822,6.248003,7.237382,0.07625284,3.643423,1.7912343
8,80,0.8583846,0.54715383,0.656,0.08860694,6.523527,7.088755,0.072440326,3.579741,1.7562747
8,85,0.8646154,0.58153844,0.623,0.08600177,7.0540924,6.927031,0.06889642,3.5086439,1.708706
8,90,0.86915386,0.6046923,0.631,0.08395137,7.29981,6.746639,0.06569746,3.411302,1.6631277
8,95,0.8728461,0.61992306,0.556,0.081823416,7.5614257,6.4202724,0.06281146,3.1601307,1.6206934
8,100,0.87576926,0.6370769,0.559,0.08001588,8.051756,6.3586073,0.06021504,3.1596146,1.5889062
8,105,0.88084614,0.64876926,0.56,0.07854827,7.9911375,6.1792502,0.057812437,3.0409262,1.5539731
8,110,0.8844615,0.6603846,0.552,0.07709952,8.208687,6.024883,0.055541083,2.9481401,1.5157131
8,115,0.8878462,0.6686154,0.558,0.07572039,8.559436,5.963018,0.05355023,2.9379632,1.4847684
8,120,0.8939231,0.67823076,0.561,0.07467872,8.214331,5.757499,0.051727563,2.7889528,1.4470954
8,125,0.8951538,0.68423074,0.575,0.07362466,8.1775255,5.719742,0.05019543,2.7937386,1.4217272
8,130,0.8923077,0.6940769,0.556,0.07277072,8.587917,5.6903763,0.048824534,2.8088727,1.392795
8,135,0.8967692,0.69961536,0.538,0.07215186,8.705166,5.5446196,0.047661047,2.7038863,1.3665445
8,140,0.89930767,0.7056154,0.559,0.07144821,9.179598,5.3064547,0.04664813,2.5070343,1.3384935
8,145,0.9046923,0.71223074,0.55,0.07051068,9.004871,5.434505,0.045761496,2.668777,1.3169065
8,150,0.9046154,0.71315384,0.546,0.070245,9.495314,5.3270364,0.044966355,2.601299,1.2883196
8,155,0.90646154,0.72715384,0.586,0.06963886,8.830962,5.1212974,0.044296674,2.4226477,1.2718353
8,160,0.90684617,0.7336923,0.566,0.06911242,9.551365,4.983364,0.043664098,2.324635,1.2418181
8,165,0.91069233,0.74061537,0.543,0.06860245,8.943309,4.9931293,0.043083165,2.3685398,1.2169399
8,170,0.9093077,0.7496923,0.548,0.068162784,9.2669525,4.9088635,0.042492926,2.3110545,1.1988786
8,175,0.91015387,0.75515383,0.544,0.06742063,10.038778,4.6702285,0.042027064,2.0939226,1.1853992
8,180,0.9146923,0.761,0.564,0.066902205,9.384217,4.849471,0.041493736,2.3036556,1.1625199
8,185,0.9143846,0.7727692,0.521,0.06649269,9.63803,4.687176,0.041103303,2.172,1.1389172
8,190,0.9174615,0.779,0.543,0.065964445,10.2846,4.692126,0.040663224,2.20206,1.1203607
8,195,0.9189231,0.78646153,0.498,0.06536806,11.205693,4.533583,0.040171936,2.053969,1.1161823
8,200,0.92,0.79,0.525,0.064783946,11.185384,4.437889,0.039788075,1.9928311,1.0875155
8,205,0.923,0.79876924,0.495,0.06393035,11.565586,4.1877403,0.03941386,1.7712827,1.0643523
8,210,0.9236923,0.8055385,0.471,0.06364046,12.106448,4.2659345,0.038947254,1.8694844,1.049531
8,215,0.92184615,0.80992305,0.444,0.062841244,12.475686,4.282789,0.03853034,1.9159287,1.024662
8,220,0.9257692,0.8163846,0.454,0.062342133,13.990308,4.352535,0.038130406,2.010505,1.0042763
8,225,0.928,0.81892306,0.45,0.061737493,13.55335,4.180449,0.037727877,1.8555295,0.9913972
8,230,0.929,0.8249231,0.4,0.061123468,15.089743,4.2485256,0.037384674,1.9378041,0.9810269
8,235,0.931,0.8282308,0.42,0.060390145,14.675295,4.1034913,0.037012402,1.8178866,0.9596095
8,240,0.92984617,0.8316923,0.389,0.059827656,14.680668,3.8933358,0.036624327,1.625957,0.94488674
8,245,0.9343077,0.8383846,0.387,0.05930778,15.859716,4.0291166,0.036211334,1.7872275,0.92277205
8,250,0.9333846,0.8436154,0.383,0.05872473,16.151985,3.9752595,0.03590101,1.7484511,0.9107972
9,5,0.7656923,0.21807693,0.6,0.47234553,7.2979975,11.650757,0.4742235,5.3171015,2.418684
9,10,0.8031539,0.33015385,0.604,0.4068291,7.4868293,10.827707,0.40826875,4.9132648,2.2600803
9,15,0.82461536,0.38546154,0.61,0.3527572,7.4294167,10.0622,0.35393214,4.498939,2.150489
9,20,0.8327692,0.40338463,0.61,0.3073985,7.5185747,9.565443,0.30849797,4.308309,2.0678897
9,25,0.8370769,0.41761538,0.617,0.2684286,7.5703163,9.092928,0.26947337,4.1018248,2.0087378
9,30,0.8396154,0.42923078,0.621,0.23603994,7.736726,8.823951,0.2371076,4.0728216,1.9566224
9,35,0.84761536,0.4373077,0.6,0.20917088,7.6423287,8.477766,0.2103564,3.94117,1.9111564
9,40,0.8500769,0.45,0.613,0.18715686,7.4226856,8.225585,0.18840536,3.8741055,1.8770392
9,45,0.85453844,0.45892307,0.622,0.16936253,7.567148,8.006638,0.17084481,3.8315961,1.8342286
9,50,0.85592306,0.47123078,0.625,0.15498923,7.3332224,7.7749434,0.15679592,3.7430856,1.8088046
9,55,0.85969234,0.48146152,0.618,0.14351302,7.4638634,7.647143,0.1455293,3.7598667,1.767582
9,60,0.8650769,0.49261537,0.633,0.13434952,7.396715,7.2842536,0.13670422,3.5125456,1.7424973
9,65,0.86823076,0.5023846,0.634,0.12701827,7.12166,7.1386814,0.12946884,3.471246,1.7178729
9,70,0.8714615,0.5143846,0.636,0.12099017,7.4529862,6.9927564,0.123691455,3.4257321,1.6874655
9,75,0.8713077,0.52053845,0.652,0.116304204,7.6134067,6.7758512,0.11916906,3.2987251,1.6586405
9,80,0.8786154,0.5296923,0.638,0.112079725,7.537746,6.666476,0.115192145,3.2731793,1.6286643
9,85,0.88084614,0.53876925,0.647,0.10847062,7.5685,6.538407,0.11168364,3.217754,1.6031663
9,90,0.88292307,0.54969233,0.644,0.10516901,7.647429,6.388215,0.10850656,3.1281548,1.5844634
9,95,0.8863077,0.5583846,0.644,0.10220365,7.769509,6.05598,0.10559447,2.8708754,1.546629
9,100,0.8920769,0.5666923,0.656,0.099417,7.63072,6.0127354,0.10288806,2.8756678,1.531961
9,105,0.891,0.57246155,0.663,0.09665445,8.105954,5.9001174,0.10022702,2.8235471,1.501417
9,110,0.8946154,0.5785385,0.661,0.09414298,7.849929,5.853847,0.09765684,2.821512,1.4846584
9,115,0.8973077,0.58284616,0.633,0.09159851,8.219133,5.669053,0.09515404,2.6797721,1.466508
9,120,0.89484614,0.58615386,0.661,0.08904616,8.129629,5.5942216,0.09264878,2.6489189,1.4453094
9,125,0.9006923,0.60092306,0.645,0.08661017,8.198927,5.3704,0.090274,2.4688683,1.4225203
9,130,0.90284616,0.6026923,0.653,0.08426067,8.473276,5.4438424,0.08782838,2.578238,1.4059979
9,135,0.8996154,0.61138463,0.644,0.08195521,8.247127,5.3726172,0.08555552,2.541421,1.3891802
9,140,0.90684617,0.614,0.662,0.07971626,8.34771,5.3427124,0.083345376,2.54722,1.3698322
9,145,0.9086923,0.62276924,0.652,0.07755511,8.458739,5.3142304,0.081128746,2.5499532,1.3535838
9,150,0.90684617,0.6312308,0.654,0.07539,8.629752,5.123544,0.079005994,2.3892992,1.337384
9,155,0.9074615,0.64030766,0.641,0.0733569,8.65484,5.0441213,0.07681774,2.3510597,1.3091837
9,160,0.91146153,0.6435385,0.662,0.071305305,8.794471,4.9576344,0.074931264,2.2858448,1.2997237
9,165,0.91138464,0.65361536,0.652,0.06938591,8.616416,4.7218423,0.07287056,2.0815756,1.2793165
9,170,0.9141539,0.6584615,0.652,0.0674452,8.904697,4.6890354,0.07091778,2.0806596,1.2577834
9,175,0.9146154,0.6641539,0.65,0.06551823,8.844431,4.657984,0.06900916,2.081067,1.2363461
9,180,0.916,0.6719231,0.643,0.06374788,8.962344,4.803324,0.06717202,2.2414834,1.2303926
9,185,0.9203846,0.67746156,0.628,0.061927,9.394007,4.567281,0.06538825,2.035413,1.2088158
9,190,0.9205385,0.6861538,0.657,0.060163118,8.992263,4.722498,0.06363733,2.2250826,1.1822714
9,195,0.9210769,0.6887692,0.654,0.058556855,9.059343,4.6292553,0.061934076,2.141436,1.1800097
9,200,0.925,0.6983077,0.649,0.05694065,9.518603,4.484646,0.06029567,2.0286963,1.1547164
9,205,0.92684615,0.7036923,0.637,0.05536289,9.357397,4.3823066,0.05872164,1.9516983,1.1356435
9,210,0.9256923,0.71153843,0.669,0.05381076,9.415341,4.2849483,0.057169378,1.8732281,1.1228284
9,215,0.9319231,0.71407694,0.643,0.052321896,9.699481,4.397971,0.055661306,2.0025043,1.1124885
9,220,0.9276923,0.7216923,0.659,0.050911874,9.9068165,4.1904516,0.054286238,1.8282709,1.0848461
9,225,0.9276154,0.7281538,0.643,0.04954587,10.490437,4.128369,0.052853584,1.7754806,1.0806736
9,230,0.93,0.73707694,0.658,0.04820571,9.989319,4.068957,0.05149272,1.7431822,1.058612
9,235,0.9343077,0.7381539,0.622,0.04692865,10.440634,3.9034946,0.050218783,1.6023045,1.0387673
9,240,0.9326923,0.7457692,0.661,0.045753226,10.896564,4.073999,0.04900098,1.7855892,1.0303366
9,245,0.9329231,0.75276923,0.644,0.044550292,10.188231,4.0248213,0.04775668,1.7505635,1.020475
9,250,0.9359231,0.7561538,0.623,0.04347618,10.355728,3.882504,0.046694275,1.6242716,1.0081402
10,5,0.74915385,0.22853847,0.889,0.3918488,3.4971724,11.367823,0.39096296,5.1463842,2.3871586
10,10,0.7912308,0.32946154,0.941,0.35518265,2.956427,10.507899,0.35415798,4.6680565,2.2393198
10,15,0.80153847,0.36,0.925,0.32380167,2.8928223,9.935708,0.32263905,4.440661,2.1177466
10,20,0.8120769,0.38846153,0.917,0.29499337,2.9454443,9.502642,0.29362866,4.29102,2.0477116
10,25,0.81653845,0.43492308,0.91,0.2683353,2.9842043,9.107471,0.26667023,4.161108,1.981187
10,30,0.82176924,0.48061538,0.912,0.24393655,2.923183,8.760227,0.24206251,4.043686,1.9322699
10,35,0.8243846,0.5123077,0.914,0.2214895,3.0553665,8.402297,0.21943396,3.8954062,1.8856295
10,40,0.8293077,0.54307693,0.906,0.20078807,2.983278,8.161371,0.1984519,3.8567677,1.8291519
10,45,0.8391538,0.56153846,0.899,0.18174589,3.0774455,7.788663,0.17922881,3.6560738,1.7860471
10,50,0.84776926,0.5728462,0.904,0.16448975,3.3060374,7.534739,0.16187522,3.5616279,1.7380201
10,55,0.8529231,0.5876154,0.898,0.14898688,3.211144,7.1796813,0.14613351,3.3384218,1.7017002
10,60,0.855,0.60376924,0.9,0.13515893,3.323871,6.9693537,0.13220526,3.2595298,1.6539487
10,65,0.8645385,0.614,0.899,0.12300186,3.3985658,6.691863,0.11981906,3.0825915,1.6264148
10,70,0.8621538,0.6306154,0.896,0.112254344,3.4105864,6.939243,0.10894086,3.4318006,1.5882579
10,75,0.8703077,0.6483077,0.887,0.102871284,3.5355334,6.518231,0.099514104,3.1026711,1.5511024
10,80,0.872,0.6603077,0.882,0.09480637,3.6395323,6.4930873,0.09132615,3.1705904,1.5050571
10,85,0.8746923,0.6712308,0.885,0.08794479,3.448343,6.2589645,0.084287934,3.0007915,1.4813776
10,90,0.87961537,0.68484616,0.884,0.08209073,3.6829913,6.060679,0.078371,2.8751013,1.4436207
10,95,0.8802308,0.69746155,0.885,0.077218786,3.8418996,5.9515815,0.07342752,2.8271363,1.4122547
10,100,0.8830769,0.71,0.883,0.07311249,3.7039838,5.978916,0.069276236,2.917645,1.375226
10,105,0.8868461,0.71715385,0.859,0.06959419,4.1402574,5.7361813,0.0657444,2.7251978,1.3482717
10,110,0.88792306,0.73284614,0.859,0.06660019,3.9467611,5.711394,0.06269504,2.755062,1.3136507
10,115,0.89007694,0.7362308,0.853,0.06402438,4.003176,5.4856524,0.060083598,2.5840597,1.2764238
10,120,0.88753843,0.75076926,0.85,0.061819114,4.1426845,5.3406634,0.05790112,2.4743807,1.2569137
10,125,0.8894615,0.7526923,0.853,0.059822474,4.0372944,5.4234385,0.055966306,2.6009068,1.2278367
10,130,0.8944615,0.7656154,0.852,0.05814965,4.021207,5.168516,0.05419205,2.3890278,1.1981204
10,135,0.89546156,0.7733077,0.846,0.056543976,4.332894,5.132442,0.052611724,2.391949,1.1711383
10,140,0.89976925,0.77669233,0.836,0.055064708,4.248558,5.1506824,0.051122416,2.4398055,1.1523526
10,145,0.90023077,0.78707695,0.857,0.053734127,4.230468,5.1564593,0.049765784,2.4781332,1.1300218
10,150,0.9066154,0.79184616,0.834,0.052414533,4.435361,4.9750037,0.048484758,2.3273275,1.1085584
10,155,0.9027692,0.80184615,0.833,0.05118768,4.3868055,4.8903675,0.047265332,2.277396,1.0822392
10,160,0.9039231,0.8090769,0.839,0.04995081,4.588689,4.857679,0.04609648,2.2672787,1.0678415
10,165,0.9046923,0.81438464,0.837,0.04883232,4.4245477,4.8100667,0.04494566,2.2483313,1.0473442
10,170,0.9083077,0.8194615,0.822,0.047771234,4.4124384,4.709715,0.043886967,2.1789117,1.0243422
10,175,0.908,0.82623076,0.845,0.046685837,4.5307136,4.6734304,0.042869195,2.1658907,1.0082244
10,180,0.9096154,0.8289231,0.833,0.045659233,4.644607,4.6478953,0.041906938,2.1714368,0.983486
10,185,0.912,0.83623075,0.845,0.0446687,4.664404,4.4514027,0.040977664,2.0068195,0.95722556
10,190,0.9164615,0.8423077,0.836,0.043772638,4.5075493,4.4722953,0.040052217,2.0501447,0.94069535
10,195,0.91138464,0.84923077,0.825,0.04292623,4.610592,4.283186,0.039207213,1.8813233,0.9258216
10,200,0.9148462,0.8517692,0.83,0.04199166,4.469876,4.3784394,0.038419396,2.0002773,0.907497
10,205,0.91592306,0.856,0.831,0.04117271,4.688918,4.3677154,0.03760979,2.008929,0.8936153
10,210,0.91753846,0.86284614,0.834,0.040388484,4.6591234,4.103222,0.03684339,1.7676764,0.87597805
10,215,0.9179231,0.8645385,0.805,0.039683193,4.9539227,4.2632356,0.036148246,1.949719,0.8590049
10,220,0.92,0.865,0.808,0.038961183,4.8585753,4.1903863,0.03551935,1.8891664,0.8511618
10,225,0.9207692,0.869,0.83,0.038291313,4.754929,4.0077376,0.034852497,1.7358851,0.8262856
10,230,0.9213077,0.8726923,0.826,0.037772328,4.902593,4.0684967,0.034281157,1.809963,0.81741476
10,235,0.9223846,0.8756923,0.835,0.037116177,4.7862425,3.959699,0.03373199,1.733491,0.7895283
10,240,0.9236154,0.8790769,0.83,0.03654701,4.9257274,3.9740624,0.03320323,1.7559476,0.7858575
10,245,0.9272308,0.8809231,0.821,0.036089372,5.003458,3.9156516,0.03269505,1.7123418,0.77554613
10,250,0.92853844,0.8802308,0.833,0.0355292,5.0587773,3.8811362,0.03222404,1.6880821,0.76903075
11,5,0.76407695,0.18315385,0.6,0.26734847,7.3861146,11.390057,0.26677403,5.221574,2.4318488
11,10,0.795,0.2336923,0.598,0.22376709,7.680007,10.6692095,0.22388962,4.8908787,2.2694106
11,15,0.82715386,0.26146153,0.581,0.18917462,8.341352,9.73614,0.19004077,4.279905,2.1669867
11,20,0.83553845,0.29876924,0.592,0.16182806,8.182751,9.296714,0.16368039,4.1190763,2.0944772
11,25,0.8420769,0.36253846,0.576,0.14066811,8.460676,9.052038,0.14339712,4.1293445,2.0282092
11,30,0.8426923,0.434,0.56,0.12431938,8.374804,8.758664,0.12801817,4.0628366,1.9708396
11,35,0.8490769,0.49269232,0.571,0.11184402,8.345602,8.420703,0.11636885,3.9376974,1.9093375
11,40,0.85307693,0.5346154,0.558,0.10225138,8.803993,7.945563,0.10750825,3.6511884,1.8549955
11,45,0.86038464,0.5545385,0.561,0.09483286,8.981308,7.608386,0.100542046,3.4864311,1.8018248
11,50,0.8626154,0.57546157,0.558,0.08870087,8.6611185,7.544969,0.09495273,3.5788906,1.7517613
11,55,0.8673846,0.58976924,0.542,0.08363173,8.70469,7.231304,0.09031043,3.400763,1.7105094
11,60,0.8762308,0.6016923,0.576,0.07930231,8.857979,7.02454,0.08611991,3.3276894,1.6609343
11,65,0.8776923,0.6131539,0.568,0.07546889,9.12682,6.7447395,0.08247536,3.1618376,1.6218005
11,70,0.8854615,0.62753844,0.574,0.07198144,8.811392,6.7622766,0.07906398,3.2791746,1.5882623
11,75,0.888,0.6466154,0.574,0.06887829,9.211665,6.3838787,0.076007575,2.9868925,1.5607332
11,80,0.89415383,0.66138464,0.565,0.06600904,9.264079,6.2109885,0.073236816,2.9007978,1.5254233
11,85,0.89692307,0.68,0.561,0.06336447,9.384709,6.1478996,0.07056258,2.9171653,1.4918776
11,90,0.9008462,0.6919231,0.587,0.06093098,9.249354,5.8888764,0.06815531,2.727134,1.4637568
11,95,0.90361536,0.7083077,0.576,0.05872235,9.323065,5.738025,0.065891095,2.6431322,1.4333556
11,100,0.9074615,0.7193846,0.563,0.056635454,9.738819,5.687794,0.06373264,2.651585,1.4075214
11,105,0.9084615,0.73661536,0.579,0.054631975,9.67137,5.5141625,0.061653,2.536173,1.3789119
11,110,0.9083077,0.7473077,0.586,0.05271503,9.861564,5.4129868,0.059719734,2.4837174,1.3565501
11,115,0.9116923,0.7578462,0.573,0.050946146,9.80846,5.2911134,0.057752762,2.4140606,1.328641
11,120,0.91384614,0.768,0.599,0.049289793,9.651813,5.2864513,0.056024183,2.458302,1.3014524
11,125,0.9136154,0.77930766,0.576,0.04771643,9.292437,5.202939,0.054409,2.4161222,1.2797402
11,130,0.92046154,0.7849231,0.582,0.046252973,9.806651,5.0601735,0.05293423,2.310398,1.2606598
11,135,0.9193846,0.7947692,0.595,0.044928424,9.794859,5.16905,0.05157965,2.465344,1.2304145
11,140,0.9219231,0.80084616,0.617,0.0437285,9.471315,4.756913,0.050273284,2.0920405,1.2060887
11,145,0.92284614,0.80753845,0.606,0.04260801,9.490997,4.6952734,0.049076382,2.0732224,1.1765898
11,150,0.9240769,0.8197692,0.625,0.04150258,9.545557,4.753464,0.047865108,2.164936,1.155039
11,155,0.9271538,0.8226154,0.605,0.040483765,9.04887,4.507272,0.04679426,1.9513656,1.1333071
11,160,0.9256923,0.82584614,0.631,0.039557934,9.449815,4.6359715,0.045776725,2.1108816,1.1126473
11,165,0.93,0.8333077,0.609,0.03861078,9.668595,4.378926,0.044791665,1.8859048,1.089918
11,170,0.9319231,0.83338463,0.62,0.037811253,9.0153675,4.375513,0.044017144,1.9104228,1.0705582
11,175,0.933,0.8386923,0.632,0.037015233,9.490241,4.344584,0.043178126,1.9169062,1.0413349
11,180,0.9363846,0.8442308,0.657,0.036276013,8.96507,4.177996,0.04229433,1.7665429,1.0329467
11,185,0.9356923,0.845,0.641,0.03552132,9.302404,4.0988183,0.041429162,1.7100412,1.0175658
11,190,0.9395385,0.84876925,0.654,0.03484078,8.913745,4.129366,0.040746324,1.7654414,0.99944174
11,195,0.93776923,0.85207695,0.652,0.034178145,9.1657505,4.060372,0.040000636,1.7257011,0.9764772
11,200,0.938,0.85123074,0.629,0.033567943,9.5166445,4.024652,0.039441723,1.706211,0.9662721
11,205,0.94415385,0.85515386,0.667,0.032972395,9.233187,3.9617321,0.03877499,1.6609539,0.9541545
11,210,0.94176924,0.8619231,0.656,0.03237315,9.477492,3.7654905,0.038179424,1.4960966,0.92787665
11,215,0.9463077,0.86376923,0.657,0.031835135,10.058252,3.822565,0.03751529,1.5727257,0.9132469
11,220,0.94884616,0.8629231,0.663,0.031292513,9.577558,3.6909769,0.03697594,1.4591777,0.8998218
11,225,0.9461538,0.86892307,0.653,0.030798448,9.011069,3.721719,0.03643565,1.5034066,0.8902244
11,230,0.951,0.8723077,0.659,0.030319802,9.504278,3.50157,0.035985332,1.3041644,0.8731979
11,235,0.9511539,0.8780769,0.659,0.029868616,9.236862,3.3736558,0.03540881,1.1911757,0.86170983
11,240,0.9518462,0.8835385,0.677,0.029436713,9.424476,3.442711,0.03489408,1.2866944,0.8388263
11,245,0.954,0.88484615,0.679,0.029001065,9.010332,3.4524546,0.034514315,1.3038312,0.8346053
11,250,0.9563846,0.8861538,0.675,0.02858346,9.024687,3.3381205,0.034049295,1.2094438,0.81751096
12,5,0.77007693,0.30015385,0.787,0.7715002,5.152201,11.935618,0.78400886,5.3468313,2.3643632
12,10,0.80253845,0.39084616,0.721,0.6796644,5.7515674,11.043096,0.69031936,4.9163527,2.1932378
12,15,0.81276923,0.42938462,0.721,0.6000148,5.7506175,10.420338,0.609088,4.688843,2.0699599
12,20,0.82,0.449,0.74,0.5311453,5.600448,9.959022,0.5388728,4.5670424,1.9809519
12,25,0.82576925,0.47284615,0.758,0.47067934,5.5468984,9.447933,0.4772086,4.362821,1.901481
12,30,0.832,0.4923846,0.758,0.41749167,5.3178606,9.183774,0.42291775,4.367788,1.8367671
12,35,0.837,0.50715387,0.758,0.3704191,5.35173,8.784162,0.37486902,4.202719,1.7864273
12,40,0.84453845,0.52476925,0.762,0.32902732,5.230673,8.452246,0.33279032,4.090064,1.7316502
12,45,0.8499231,0.55607694,0.769,0.29257554,4.982354,8.223725,0.29560727,4.054739,1.6836843
12,50,0.85376924,0.5793846,0.77,0.26097873,5.0686126,7.875405,0.2634697,3.8808587,1.636793
12,55,0.8569231,0.5976923,0.769,0.23336376,4.9850125,7.58275,0.23529565,3.7340755,1.603412
12,60,0.8586154,0.6086923,0.772,0.20949718,5.089416,7.4120393,0.21096838,3.7081623,1.5574114
12,65,0.8640769,0.61946154,0.775,0.18884787,4.82192,7.298158,0.19002599,3.7133124,1.5252209
12,70,0.87253845,0.6261538,0.794,0.1709441,4.871734,7.0549045,0.17180713,3.5796103,1.492038
12,75,0.8706923,0.63746154,0.79,0.15582787,4.6333637,6.7817326,0.15648055,3.391428,1.4735686
12,80,0.8766154,0.6416154,0.795,0.14280285,4.629565,6.666624,0.14328785,3.3722649,1.4359903
12,85,0.87584615,0.6489231,0.803,0.13172445,4.5277224,6.6286764,0.1320714,3.4093914,1.4122441
12,90,0.88076925,0.6539231,0.808,0.12226414,4.585277,6.444873,0.12251884,3.2973466,1.3854479
12,95,0.881,0.6640769,0.799,0.114273176,4.3374248,6.1851544,0.11449218,3.1014464,1.3612317
12,100,0.888,0.67084616,0.804,0.10745369,4.5172114,6.034291,0.10762009,3.0073724,1.3394383
12,105,0.8878462,0.67746156,0.799,0.10147521,4.536739,6.0390015,0.1016805,3.0723968,1.3099885
12,110,0.89,0.69007695,0.813,0.09627298,4.291634,5.7582746,0.096526414,2.83821,1.2907741
12,115,0.89215386,0.6949231,0.819,0.09170272,4.6918683,5.7045865,0.09196661,2.832105,1.2673142
12,120,0.8936923,0.6978462,0.806,0.08755189,4.605893,5.4898076,0.0878998,2.6554558,1.2507633
12,125,0.89384615,0.7016923,0.813,0.08388451,4.6279173,5.5413413,0.08428484,2.7512412,1.2261207
12,130,0.8963077,0.7132308,0.81,0.080340266,4.5247607,5.630588,0.08075688,2.8737636,1.2105718
12,135,0.90146154,0.7156154,0.814,0.07717703,4.662018,5.427478,0.077658705,2.7055354,1.1916484
12,140,0.9006154,0.725,0.817,0.07409832,4.4406347,5.2883,0.07467094,2.5960782,1.1763533
12,145,0.89953846,0.73592305,0.832,0.07134941,4.667799,5.4105177,0.0719502,2.7575097,1.1502632
12,150,0.9033846,0.73730767,0.827,0.06875125,4.5599785,5.1966877,0.0694303,2.5721617,1.1336312
12,155,0.90592307,0.74253845,0.816,0.066207185,4.72768,5.3824253,0.06695064,2.783565,1.118767
12,160,0.90715384,0.74815387,0.832,0.06380638,4.78001,5.1522574,0.06459316,2.5822175,1.0997944
12,165,0.9074615,0.74869233,0.836,0.0614934,4.7896266,5.064995,0.06233157,2.5139122,1.0895978
12,170,0.9090769,0.7547692,0.817,0.05928032,4.8347087,4.9763894,0.060246613,2.449799,1.0731279
12,175,0.91253847,0.76123077,0.837,0.057167713,4.784741,4.677447,0.058265172,2.1815045,1.0501336
12,180,0.9146923,0.7616923,0.842,0.05519054,4.882024,4.9002805,0.056336578,2.4214056,1.0403763
12,185,0.91776925,0.77007693,0.816,0.0533452,4.6254706,4.6352553,0.05452454,2.1780562,1.0253292
12,190,0.9189231,0.7758462,0.824,0.05156898,4.4762497,4.6982636,0.052805386,2.262587,1.0099379
12,195,0.9172308,0.7783077,0.835,0.049841262,4.6004596,4.621655,0.05118395,2.2218668,0.97980034
12,200,0.9186154,0.78284615,0.833,0.048207063,4.8255486,4.665452,0.049601465,2.2746942,0.97613543
12,205,0.922,0.786,0.819,0.046659984,5.0377326,4.5336027,0.048129458,2.1690426,0.95458543
12,210,0.92184615,0.79515386,0.818,0.04526612,4.973759,4.3634458,0.04675969,2.0080736,0.949549
12,215,0.9257692,0.8026923,0.818,0.043937653,4.6034427,4.394305,0.045483857,2.062349,0.9298493
12,220,0.92453843,0.8071538,0.833,0.042699665,4.7236233,4.4221854,0.044277273,2.102035,0.92164296
12,225,0.9263077,0.80992305,0.827,0.0415239,4.8749514,4.2106714,0.043211047,1.9185848,0.8966847
12,230,0.92592305,0.81676924,0.818,0.040422358,5.1245394,4.257594,0.042153716,1.9841038,0.881092
12,235,0.92776924,0.8263846,0.83,0.039400462,4.8785906,4.272395,0.041195724,2.0040479,0.8787014
12,240,0.9302308,0.8313846,0.823,0.03850943,5.233797,4.1122932,0.040329304,1.8682554,0.856817
12,245,0.9306923,0.83738464,0.826,0.03758199,5.2629147,4.1807985,0.039490253,1.9514079,0.8443725
12,250,0.9343077,0.837,0.824,0.03683216,4.913278,4.2845974,0.038727567,2.0629659,0.8386637
13,5,0.77576923,0.1596923,0.819,0.54709405,4.9505143,11.53564,0.55355084,5.073107,2.475478
13,10,0.804,0.24276923,0.802,0.47352406,5.0082884,10.779485,0.4794969,4.7423854,2.3268228
13,15,0.82123077,0.32915384,0.791,0.41065267,5.206154,10.084096,0.41617712,4.416392,2.2137427
13,20,0.82676923,0.37792307,0.731,0.3566945,5.629954,9.590821,0.36192778,4.2490315,2.1221087
13,25,0.83692306,0.4233846,0.723,0.31044883,5.911782,9.126817,0.31549394,4.067021,2.050764
13,30,0.84,0.44323078,0.721,0.27092004,5.752184,8.757439,0.27574944,3.9515445,1.9825634
13,35,0.8489231,0.46076924,0.697,0.2372476,5.704429,8.52147,0.24186768,3.9388475,1.92459
13,40,0.8531538,0.47338462,0.682,0.20844251,5.850351,8.202384,0.21304955,3.8222723,1.8697575
13,45,0.86207694,0.48484614,0.709,0.18410684,5.718685,7.7314706,0.1885771,3.5292196,1.8222817
13,50,0.86184615,0.50246155,0.713,0.16346936,5.6851964,7.586848,0.16792768,3.545042,1.7755458
13,55,0.8690769,0.5275385,0.69,0.14592683,5.6847405,7.457351,0.15036467,3.557642,1.7324338
13,60,0.8726154,0.55153847,0.684,0.13104177,5.851383,7.073126,0.13542166,3.2984767,1.6947464
13,65,0.8795385,0.57453847,0.682,0.11826643,5.8089886,6.8819385,0.12266397,3.222105,1.6569598
13,70,0.8820769,0.5842308,0.694,0.10744394,6.0126,6.884239,0.11183487,3.3229957,1.6254568
13,75,0.88484615,0.6014615,0.688,0.09820255,5.9060707,6.5700293,0.102572866,3.1091616,1.583209
13,80,0.8868461,0.6083077,0.657,0.0903375,6.1726646,6.3420386,0.09474396,2.9609838,1.5540185
13,85,0.8893846,0.6186154,0.664,0.08355016,6.336351,6.5201406,0.0879538,3.220467,1.5184237
13,90,0.88953847,0.62846154,0.644,0.07771527,6.6112804,6.107129,0.0820961,2.8788242,1.4874444
13,95,0.89723074,0.638,0.667,0.072667025,6.4259953,6.1652913,0.07708,3.0049143,1.4545494
13,100,0.89792305,0.6503846,0.634,0.068296686,6.839431,6.0715036,0.07271929,2.9636412,1.4328303
13,105,0.89861536,0.66753846,0.632,0.064523876,6.8012295,6.015176,0.06894194,2.9621453,1.4048778
13,110,0.9006923,0.6816923,0.599,0.061270695,7.108506,5.985829,0.06566448,2.9970887,1.3643084
13,115,0.90546155,0.70484614,0.596,0.05840064,7.0948453,5.8401175,0.0628224,2.8862925,1.3504491
13,120,0.90430766,0.7200769,0.621,0.0558804,6.9213896,5.727672,0.060310908,2.8262937,1.3169155
13,125,0.9046923,0.73538464,0.6,0.05364496,7.651511,5.3932085,0.05804612,2.5315168,1.2941301
13,130,0.90715384,0.7483077,0.582,0.051659074,7.70266,5.426065,0.056112014,2.6041281,1.2697654
13,135,0.90853846,0.76407695,0.62,0.049860414,7.2056203,5.3164635,0.054262996,2.5343995,1.2438142
13,140,0.9099231,0.7720769,0.621,0.048240677,7.39884,5.227885,0.052728727,2.489196,1.2124264
13,145,0.91423076,0.78184617,0.614,0.04678789,7.5857706,5.0339603,0.051249925,2.3323772,1.1863208
13,150,0.91384614,0.7943846,0.619,0.045427658,7.7430077,4.9953527,0.04988896,2.3302581,1.1599545
13,155,0.91376925,0.7956154,0.586,0.044171378,7.6061587,4.8326855,0.048632685,2.1936302,1.143286
13,160,0.9174615,0.8072308,0.576,0.04300237,8.029493,4.958479,0.047492474,2.3553069,1.1165612
13,165,0.91992307,0.8143077,0.576,0.04188358,8.0535965,4.7975683,0.04645405,2.2232294,1.0958303
13,170,0.9206923,0.81553847,0.595,0.04089406,7.7581096,4.9272637,0.04536863,2.387325,1.0690151
13,175,0.9203077,0.8227692,0.574,0.039915428,8.674807,4.6214123,0.044416428,2.1094682,1.0482675
13,180,0.9216923,0.8273077,0.553,0.03898619,8.5934515,4.5326405,0.04351089,2.046644,1.0295485
13,185,0.92515385,0.83615386,0.585,0.03810078,8.3152485,4.6237407,0.042639256,2.1627202,1.0114024
13,190,0.92323077,0.8370769,0.557,0.03725733,9.079219,4.5170517,0.04178419,2.076504,0.9972953
13,195,0.9253077,0.8386923,0.554,0.03647176,8.311004,4.391107,0.04097417,1.9781166,0.9752165
13,200,0.9250769,0.8410769,0.561,0.035696432,8.537716,4.3599577,0.040232513,1.9616627,0.9657354
13,205,0.9276154,0.8507692,0.547,0.035021927,8.732938,4.293062,0.039559525,1.9241893,0.9413662
13,210,0.92876923,0.85276926,0.548,0.03428881,8.873735,4.2911577,0.038817994,1.9371934,0.93129635
13,215,0.93061537,0.85684615,0.535,0.033662826,8.824087,4.2635813,0.03824737,1.9350362,0.91021097
13,220,0.93176925,0.8574615,0.541,0.03306279,9.407296,4.2752266,0.037547853,1.9618909,0.8997571
13,225,0.93484616,0.86038464,0.537,0.03246281,9.346112,4.060609,0.03696623,1.7608881,0.89076567
13,230,0.936,0.86992306,0.528,0.031910684,9.21826,4.0017934,0.03644292,1.7233596,0.87417006
13,235,0.93653846,0.86846155,0.552,0.031370472,9.036731,3.9313474,0.035878547,1.6827004,0.84822685
13,240,0.9346154,0.86923075,0.564,0.030863147,9.189104,3.9173546,0.03536701,1.6803039,0.83970296
13,245,0.93646157,0.8716154,0.576,0.030380592,9.244532,3.873925,0.03491763,1.6416644,0.83774734
13,250,0.93923074,0.87223077,0.538,0.029912516,9.350682,3.743713,0.034437686,1.5286081,0.8237956
